,,,,,,,,
Theme: Industry,,,,,,,,
Subject: Transport,,,,,,,,
Topic: Land Transport (including MRT and LRT),,,,,,,,
"Table Title: Motor Vehicle Population Under Vehicle Quota System, (As At End Of Period), Monthly",,,,,,,,
,,,,,,,,
Data last updated: 26/01/2026,,,,,,,,
Source: LAND TRANSPORT AUTHORITY,,,,,,,,
,,,,,,,,
Data Series,Total Motor Vehicles (Number),Total Motor Vehicles -> Category A: Cars (Number),Total Motor Vehicles -> Category B: Cars (Number),Total Motor Vehicles -> Weekend Cars/Off Peak Cars (Number),Total Motor Vehicles -> Category C: Goods Vehicles & Buses (Number),Total Motor Vehicles -> Category D: Motorcycles & Scooters (Number),Total Motor Vehicles -> Taxis (Number),Total Motor Vehicles -> Vehicles Exempted From VQS (Number)
  2025 Dec,1012023,322377,337060,na,152383,151571,12161,36471
  2025 Nov,1010370,321636,336172,na,152572,151195,12234,36561
  2025 Oct,1009811,321522,336111,na,152555,150712,12216,36695
  2025 Sep,1010363,322084,336292,na,152649,150415,12213,36710
  2025 Aug,1010085,322505,336121,na,152841,149821,12189,36608
  2025 Jul,1010286,322639,336272,na,153046,149492,12261,36576
  2025 Jun,1009499,322188,336181,na,153027,149236,12346,36521
  2025 May,1008989,321905,336121,na,153099,148914,12465,36485
  2025 Apr,1008319,321792,335848,na,153118,148444,12662,36455
  2025 Mar,1008318,321650,335894,na,153285,148257,12846,36386
  2025 Feb,1007429,321616,335423,na,153096,147986,12941,36367
  2025 Jan,1006283,320891,335477,na,152987,147551,13000,36377
  2024 Dec,1007094,321611,335675,na,153040,147349,13117,36302
  2024 Nov,1004411,320656,334866,na,152954,146775,13087,36073
  2024 Oct,1003130,320148,334612,na,152875,146308,13218,35969
  2024 Sep,1003126,320115,334638,na,153029,146027,13389,35928
  2024 Aug,1001755,319824,334038,na,152905,145765,13352,35871
  2024 Jul,1000576,319508,333430,na,152968,145572,13343,35755
  2024 Jun,998869,318510,332843,na,153185,145185,13436,35710
  2024 May,996465,317586,331962,na,153184,144704,13330,35699
  2024 Apr,995746,317617,331539,na,153158,144274,13396,35762
  2024 Mar,995409,318176,331109,na,153262,143811,13376,35675
  2024 Feb,995193,318712,330760,na,153265,143430,13436,35590
  2024 Jan,995796,319029,330845,na,153412,143477,13485,35548
  2023 Dec,996732,319837,331007,na,153419,143441,13620,35408
  2023 Nov,994411,319183,329927,na,153298,143027,13622,35354
  2023 Oct,994519,319442,329884,na,153316,142880,13709,35288
  2023 Sep,994564,319715,329854,na,153335,142676,13725,35259
  2023 Aug,994663,319933,329816,na,153428,142533,13714,35239
  2023 Jul,994736,320241,329625,na,153540,142420,13771,35139
  2023 Jun,994884,320396,329497,na,153790,142308,13861,35032
  2023 May,994885,320546,329443,na,153957,142002,13997,34940
  2023 Apr,995497,321357,329366,na,154196,141668,14075,34835
  2023 Mar,996034,321740,329291,na,154378,141821,13930,34874
  2023 Feb,996531,322016,329100,na,154434,142204,13955,34822
  2023 Jan,995905,321859,328710,na,154376,142194,14016,34750
  2022 Dec,995746,321840,328368,na,154376,142404,14084,34674
  2022 Nov,994820,321620,327838,na,154267,142361,14146,34588
  2022 Oct,994790,321944,327663,na,154176,142346,14176,34485
  2022 Sep,994021,321953,327146,na,154112,142240,14224,34346
  2022 Aug,993351,321952,326749,na,153987,142137,14313,34213
  2022 Jul,992414,321780,326481,na,153881,141868,14316,34088
  2022 Jun,991464,321493,326123,na,153871,141643,14359,33975
  2022 May,989995,321176,325164,na,153820,141384,14495,33956
  2022 Apr,988720,320818,324481,na,153806,141123,14604,33888
  2022 Mar,988194,320807,324111,na,153782,141048,14603,33843
  2022 Feb,988949,321375,323943,na,153787,141316,14717,33811
  2022 Jan,989040,321432,323620,na,153844,141492,14847,33805
  2021 Dec,988755,321500,323174,na,153841,141533,14887,33820
  2021 Nov,987965,321406,322645,na,153710,141467,15048,33689
  2021 Oct,987450,321252,322216,na,153616,141390,15380,33596
  2021 Sep,986873,321025,322072,na,153492,141358,15434,33492
  2021 Aug,984972,320580,320909,na,153361,141258,15472,33392
  2021 Jul,983843,320585,320004,na,153263,141190,15497,33304
  2021 Jun,982459,320236,319527,na,153112,140862,15536,33186
  2021 May,981549,320168,318723,na,153040,140866,15661,33091
  2021 Apr,981553,320521,318281,na,153043,140831,15799,33078
  2021 Mar,980293,320445,317580,na,152870,140635,15738,33025
  2021 Feb,978479,320475,316690,na,151891,140639,15865,32919
  2021 Jan,977157,320206,315789,na,151660,140684,15888,32930
  2020 Dec,973990,319137,314417,na,151139,140720,15678,32899
  2020 Nov,972859,319271,313393,na,150860,140650,15772,32913
  2020 Oct,971021,318958,312135,na,150685,140375,16012,32856
  2020 Sep,969189,318385,311144,na,150497,140251,16110,32802
  2020 Aug,967575,317944,310271,na,150208,140096,16264,32792
  2020 Jul,965705,317417,309164,na,150212,140030,16086,32796
  2020 Jun,964299,317205,308014,na,150242,139837,16277,32724
  2020 May,967322,318512,309001,na,150599,140157,16378,32675
  2020 Apr,970431,319683,309819,na,150774,140094,17414,32647
  2020 Mar,973761,321127,310794,na,151193,140078,17977,32592
  2020 Feb,974205,321274,310341,na,151607,139998,18425,32560
  2020 Jan,973534,321024,309741,na,151788,140030,18528,32423
  2019 Dec,973101,321103,308991,na,151753,140329,18542,32383
  2019 Nov,972224,321092,308711,na,151783,139551,18788,32299
  2019 Oct,971244,320788,308215,na,151807,139253,18890,32291
  2019 Sep,970344,320778,307530,na,151813,139179,18772,32272
  2019 Aug,968959,320357,306629,na,151708,139027,18989,32249
  2019 Jul,967768,320143,306047,na,151573,138741,19070,32194
  2019 Jun,965547,318935,305230,na,151530,138202,19478,32172
  2019 May,963335,317748,304531,na,151465,137681,19751,32159
  2019 Apr,961606,316497,304058,na,151583,137414,19927,32127
  2019 Mar,959864,315301,303532,na,151596,137338,20061,32036
  2019 Feb,959584,315205,302781,na,152098,137245,20256,31999
  2019 Jan,959468,315367,302347,na,152236,137165,20375,31978
  2018 Dec,957006,314694,300743,na,152129,136906,20581,31953
  2018 Nov,956428,315229,299690,na,152030,136720,20885,31874
  2018 Oct,956106,315863,298855,na,152053,136439,21073,31823
  2018 Sep,955956,316501,297770,na,151974,136647,21279,31785
  2018 Aug,956287,317500,297046,na,151926,136714,21366,31735
  2018 Jul,957297,318780,296587,na,152036,137064,21176,31654
  2018 Jun,959938,320934,296296,na,152221,137506,21164,31817
  2018 May,956839,318830,294525,na,152222,138241,21237,31784
  2018 Apr,957246,318594,293875,na,152344,139252,21436,31745
  2018 Mar,957562,318856,293043,na,152477,139739,21746,31701
  2018 Feb,958540,318492,292773,na,152883,140323,22440,31629
  2018 Jan,959227,318282,292470,na,153145,140836,22891,31603
  2017 Dec,961842,318536,293669,na,153583,141368,23140,31546
  2017 Nov,956961,317607,291182,na,152223,141173,23439,31337
  2017 Oct,955542,317224,290208,na,151728,141163,23944,31275
  2017 Sep,955156,317362,289533,na,151269,141347,24468,31177
  2017 Aug,955554,318082,289426,na,150675,141377,24863,31131
  2017 Jul,954209,318056,288401,na,149765,141597,25325,31065
  2017 Jun,953097,318144,287549,na,149087,141567,25699,31051
  2017 May,951149,317841,286307,na,148300,141654,26172,30875
  2017 Apr,949364,317442,285336,na,147572,141757,26476,30781
  2017 Mar,950582,317684,284807,na,148417,142151,26734,30789
  2017 Feb,955270,317446,283987,na,153723,142361,26986,30767
  2017 Jan,955888,317387,284056,na,154207,142311,27202,30725
  2016 Dec,956430,318081,283137,na,154507,142514,27534,30657
  2016 Nov,956921,318859,282950,na,154527,142492,27495,30598
  2016 Oct,957030,319648,282260,na,154440,142627,27532,30523
  2016 Sep,956719,319876,281624,na,154305,142789,27708,30417
  2016 Aug,955550,319188,280950,na,154477,142783,27890,30262
  2016 Jul,954919,318986,280727,na,154462,142671,28054,30019
  2016 Jun,954717,319371,280335,na,154314,142651,28193,29853
  2016 May,953110,318588,279793,na,154085,142700,28211,29733
  2016 Apr,951865,318171,279455,na,153513,142792,28280,29654
  2016 Mar,952731,318749,279286,na,154105,142758,28286,29547
  2016 Feb,955866,320562,280221,na,154374,143094,28212,29403
  2016 Jan,956966,321428,280312,na,154367,143303,28258,29298
  2015 Dec,957246,321972,280261,na,154229,143343,28259,29182
  2015 Nov,957931,322876,280256,na,153977,143373,28402,29047
  2015 Oct,958651,323528,280293,na,153917,143452,28558,28903
  2015 Sep,959314,324357,280394,na,153792,143550,28479,28742
  2015 Aug,960196,325302,280265,na,153793,143618,28572,28646
  2015 Jul,960873,326108,279963,na,154026,143675,28557,28544
  2015 Jun,963759,328129,280955,na,153790,143774,28686,28425
  2015 May,962756,328037,280183,na,153543,143874,28792,28327
  2015 Apr,963711,329163,280304,na,153377,144069,28606,28192
  2015 Mar,965910,330915,280617,na,153434,144179,28672,28093
  2015 Feb,969019,332987,281075,na,154160,144316,28537,27944
  2015 Jan,970052,333823,280960,na,154428,144444,28515,27882
  2014 Dec,972037,335450,281083,na,154524,144467,28736,27777
  2014 Nov,972551,336231,281213,na,154627,144332,28512,27636
  2014 Oct,972840,337030,281022,na,154557,144386,28329,27516
  2014 Sep,973004,337849,280968,na,154187,144486,28119,27395
  2014 Aug,972438,338468,280602,na,153830,144248,27970,27320
  2014 Jul,972079,338802,280349,na,153602,144232,27937,27157
  2014 Jun,971871,339372,280254,na,153116,144254,27865,27010
  2014 May,971285,339700,279944,na,152779,144278,27709,26875
  2014 Apr,971305,340066,279823,na,152579,144327,27754,26756
  2014 Mar,972527,340645,279927,na,153131,144493,27700,26631
  2014 Feb,974095,341169,280081,na,153906,144692,27698,26549
  2014 Jan,974495,341519,279902,na,154144,144631,27779,26520
  2013 Dec,974170,341686,279605,na,154423,144374,27695,26387
  2013 Nov,972740,341757,279086,na,154197,143969,27492,26239
  2013 Oct,972676,341869,278838,na,154408,143880,27516,26165
  2013 Sep,972153,342017,278601,na,154485,143550,27475,26025
  2013 Aug,971189,341798,278229,na,154494,143255,27471,25942
  2013 Jul,970640,341766,277792,na,154449,143051,27707,25875
  2013 Jun,970136,341774,277595,na,154511,142742,27781,25733
  2013 May,969472,341620,277107,na,154607,142742,27719,25677
  2013 Apr,969171,341611,276856,na,154577,142563,27911,25653
  2013 Mar,969728,341880,276732,na,154633,142853,28075,25555
  2013 Feb,970117,342025,276479,na,154880,143025,28245,25463
  2013 Jan,970300,342088,276335,na,155151,143111,28297,25318
  2012 Dec,969910,341824,275732,na,155374,143354,28210,25416
  2012 Nov,969260,341631,274999,na,155474,143528,28187,25441
  2012 Oct,968636,341122,274444,na,155557,143781,28243,25489
  2012 Sep,968142,340724,273792,na,155723,144115,28364,25424
  2012 Aug,967171,340228,273070,na,155813,144579,28176,25305
  2012 Jul,966531,339853,272633,na,155916,144791,28101,25237
  2012 Jun,965192,339483,271839,na,155891,145004,27849,25126
  2012 May,963621,338822,271004,na,155911,145148,27733,25003
  2012 Apr,962430,338458,270298,na,155928,145210,27618,24918
  2012 Mar,961160,338060,269721,na,155804,145510,27266,24799
  2012 Feb,959699,337550,268902,na,155734,145578,27163,24772
  2012 Jan,957863,336938,268043,na,155546,145573,27059,24704
  2011 Dec,956704,336515,267221,na,155479,145741,27051,24697
  2011 Nov,955183,336120,266337,na,155226,145809,27018,24673
  2011 Oct,953819,335731,265496,na,154958,146049,26970,24615
  2011 Sep,952009,335420,264556,na,154567,146107,26845,24514
  2011 Aug,950198,334815,263676,na,154225,146300,26756,24426
  2011 Jul,952221,337670,263082,na,153926,146376,26760,24407
  2011 Jun,951307,338067,262135,na,153533,146486,26758,24328
  2011 May,949805,338273,260912,na,153204,146601,26650,24165
  2011 Apr,949394,338925,259894,na,153041,146911,26535,24088
  2011 Mar,947962,338994,258861,na,152862,147122,26111,24012
  2011 Feb,947770,339022,258128,na,153216,147278,26195,23931
  2011 Jan,947498,338980,257493,na,153324,147405,26386,23910
  2010 Dec,945829,338545,256655,na,153340,147345,26073,23871
  2010 Nov,944117,338509,255252,na,153328,147297,25883,23848
  2010 Oct,942861,338294,254384,na,153342,147306,25677,23858
  2010 Sep,941642,338144,253446,na,153391,147256,25624,23781
  2010 Aug,940120,337899,252371,na,153478,147171,25537,23664
  2010 Jul,938922,337608,251533,na,153672,147089,25409,23611
  2010 Jun,937860,337298,250557,na,154134,146981,25361,23529
  2010 May,936311,336990,249463,na,154252,146902,25176,23528
  2010 Apr,935024,336636,248546,na,154365,146921,25185,23371
  2010 Mar,933225,336045,247576,na,154407,146883,25024,23290
  2010 Feb,931190,335291,246707,na,154396,146757,24846,23193
  2010 Jan,929277,334755,245503,na,154417,146584,24845,23173
  2009 Dec,925518,332991,244006,na,154234,146404,24702,23181
  2009 Nov,922985,332318,242618,na,154034,146162,24693,23160
  2009 Oct,920569,331249,241374,na,153937,146041,24797,23171
  2009 Sep,917714,329988,240254,na,153785,145861,24663,23163
  2009 Aug,915093,328787,239302,na,153710,145720,24437,23137
  2009 Jul,912637,327610,238334,na,153568,145663,24440,23022
  2009 Jun,910546,326787,237405,na,153430,145641,24401,22882
  2009 May,907566,325471,236209,na,153167,145632,24298,22789
  2009 Apr,904710,324165,235230,na,152852,145569,24167,22727
  2009 Mar,902634,323458,234208,na,152745,145451,24057,22715
  2009 Feb,900017,322096,233045,na,152554,145343,24288,22691
  2009 Jan,897051,321102,231609,na,152186,145202,24279,22673
  2008 Dec,894682,320056,230401,na,151922,145348,24300,22655
  2008 Nov,891445,318384,228933,na,151670,145542,24301,22615
  2008 Oct,889128,317406,227776,na,151437,145630,24344,22535
  2008 Sep,886473,316563,226358,na,151022,145598,24405,22527
  2008 Aug,882124,315156,224250,na,150484,145312,24433,22489
  2008 Jul,879022,314265,222875,na,149945,145224,24300,22413
  2008 Jun,874969,312926,221295,na,149447,144909,24106,22286
  2008 May,870441,311442,219230,na,148970,144493,24096,22210
  2008 Apr,866138,309937,217415,na,148415,144234,24022,22115
  2008 Mar,862213,308463,215799,na,147914,144027,24027,21983
  2008 Feb,859091,307821,214050,na,147451,143940,24004,21825
  2008 Jan,855798,306775,212284,na,147160,143718,24054,21807
  2007 Dec,851336,304853,209841,na,146889,143524,24446,21783
  2007 Nov,846299,303559,207600,na,146063,143402,23963,21712
  2007 Oct,842256,302146,205773,na,145753,143160,23819,21605
  2007 Sep,837844,300612,203871,na,145148,142814,23860,21539
  2007 Aug,832996,298733,201692,na,144595,142824,23639,21513
  2007 Jul,828375,297343,199751,na,143696,142684,23449,21452
  2007 Jun,824388,295817,198337,na,143110,142384,23348,21392
  2007 May,818835,293604,196197,na,142349,142069,23253,21363
  2007 Apr,814978,291972,194571,na,141769,141950,23404,21312
  2007 Mar,811461,290285,193229,na,141460,141894,23315,21278
  2007 Feb,807663,288505,191611,na,141032,141879,23322,21314
  2007 Jan,804095,286918,189883,na,140858,141889,23347,21200
  2006 Dec,799373,284551,187776,na,140646,141950,23334,21116
  2006 Nov,795783,282642,186299,na,140729,141704,23382,21027
  2006 Oct,792786,281020,184878,na,140988,141369,23535,20996
  2006 Sep,789112,279009,183461,na,140888,141217,23546,20991
  2006 Aug,782964,277776,182213,na,138618,141050,22661,20646
  2006 Jul,779932,277303,181154,na,137907,140739,22267,20562
  2006 Jun,776571,276010,179907,na,137388,140518,22226,20522
  2006 May,772621,274526,178239,na,137018,140296,22124,20418
  2006 Apr,768335,272933,176527,na,136642,139889,21973,20371
  2006 Mar,766036,272085,175257,na,136407,139662,22305,20320
  2006 Feb,761335,270276,173302,na,136171,139035,22395,20156
  2006 Jan,759655,269747,172440,na,136107,138884,22462,20015
  2005 Dec,754992,267872,170449,na,135633,138662,22383,19993
  2005 Nov,751890,266526,169379,na,135531,138370,22106,19978
  2005 Oct,750315,266260,168582,na,135292,138170,22059,19952
  2005 Sep,748070,265131,167719,na,135132,137872,22267,19949
  2005 Aug,745505,264313,166777,na,134682,137696,22141,19896
  2005 Jul,743901,263927,166004,na,134414,137640,22024,19892
  2005 Jun,742156,262962,165077,na,134821,137579,21881,19836
  2005 May,739130,261865,163869,na,134744,137214,21552,19886
  2005 Apr,737426,261209,162979,na,134800,137141,21400,19897
  2005 Mar,735475,260396,162194,na,134855,136818,21340,19872
  2005 Feb,732748,260026,160943,na,134405,136694,20851,19829
  2005 Jan,731314,260049,160170,na,134411,136362,20527,19795
  2004 Dec,727395,258629,158609,na,133814,136192,20407,19744
  2004 Nov,725760,258835,157418,na,133511,135959,20357,19680
  2004 Oct,723434,258400,156276,na,133292,135609,20212,19645
  2004 Sep,722175,257872,155358,na,133153,135581,20618,19593
  2004 Aug,720156,257637,154568,na,132850,135408,20141,19552
  2004 Jul,718939,257523,153702,na,132600,135316,20267,19531
  2004 Jun,716907,256968,152702,na,132424,135119,20212,19482
  2004 May,715955,257392,151496,na,132433,135102,20048,19484
  2004 Apr,715755,257931,150559,na,132697,135257,19833,19478
  2004 Mar,715382,258532,149601,na,132600,135472,19712,19465
  2004 Feb,714522,259601,148602,na,132305,135170,19419,19425
  2004 Jan,713222,259959,147577,na,131965,134886,19387,19448
  2003 Dec,711043,259551,145923,na,131852,134838,19384,19495
  2003 Nov,709957,260250,144780,na,131920,134327,19228,19452
  2003 Oct,709171,260588,143786,na,131953,134215,19192,19437
  2003 Sep,709123,261319,142891,na,131973,134302,19182,19456
  2003 Aug,708639,261864,142219,na,131903,134019,19130,19504
  2003 Jul,708191,262483,141375,na,131989,133774,19095,19475
  2003 Jun,707865,263030,140521,na,131919,133787,19131,19477
  2003 May,707872,264152,139931,na,131928,133212,19132,19517
  2003 Apr,707367,264711,138896,na,132192,133000,19055,19513
  2003 Mar,707459,265447,138262,na,132441,132686,19161,19462
  2003 Feb,707552,266421,137889,na,132460,132268,19143,19371
  2003 Jan,708151,267646,137656,na,132593,131813,19115,19328
  2002 Dec,706956,267838,136587,na,132607,131510,19106,19308
  2002 Nov,705371,268252,135645,na,132607,130804,18855,19208
  2002 Oct,704768,268694,134962,na,132630,130279,19007,19196
  2002 Sep,704833,269786,134320,na,132613,129982,18937,19195
  2002 Aug,705094,270878,133617,na,132470,130034,18961,19134
  2002 Jul,705304,272056,132830,na,132435,129922,18981,19080
  2002 Jun,705059,272809,132007,na,132665,129472,19018,19088
  2002 May,704668,273050,131347,na,132702,129462,19047,19060
  2002 Apr,704734,273428,131066,na,132924,129342,18922,19052
  2002 Mar,706177,274036,130955,na,132932,130311,18875,19068
  2002 Feb,707986,275044,130924,na,133222,130823,18863,19110
  2002 Jan,708771,275860,130505,na,133585,130923,18831,19067
  2001 Dec,708370,275302,130225,na,133897,130978,18798,19170
  2001 Nov,709047,275875,130199,na,134153,130943,18756,19121
  2001 Oct,709810,276509,130238,na,134391,130783,18790,19099
  2001 Sep,712979,278731,130892,na,134683,130761,18807,19105
  2001 Aug,712591,278144,130530,na,134986,131016,18825,19090
  2001 Jul,710753,276374,130110,na,135407,131138,18627,19097
  2001 Jun,708969,275008,129835,na,135528,130947,18656,18995
  2001 May,706868,273739,128981,na,135426,131086,18639,18997
  2001 Apr,705974,273307,128445,na,135202,131264,18681,19075
  2001 Mar,704421,272780,127796,na,134597,131507,18679,19062
  2001 Feb,700233,271099,126622,na,133215,131604,18538,19155
  2001 Jan,696893,270157,125949,na,132039,131268,18440,19040
  2000 Dec,692807,268390,124790,na,131274,131070,18327,18956
  2000 Nov,688008,267083,123627,na,129453,131046,18027,18772
  2000 Oct,683949,265697,122221,na,128168,130925,18187,18751
  2000 Sep,680125,264431,121446,na,126620,130899,18019,18710
  2000 Aug,676931,262313,120211,na,124364,133353,18000,18690
  2000 Jul,672835,261872,119412,na,121600,133368,17961,18622
  2000 Jun,684287,270216,119108,na,124478,133869,17977,18639
  2000 May,692958,270917,118305,na,133135,133943,18086,18572
  2000 Apr,691360,270073,117295,na,133574,133884,17988,18546
  2000 Mar,690858,269601,116414,na,134400,133825,18063,18555
  2000 Feb,690033,269489,115667,na,134741,133670,17989,18477
  2000 Jan,690350,269866,115321,na,135131,133497,18054,18481
  1999 Dec,688811,268892,114308,na,135723,133466,18029,18393
  1999 Nov,688087,268859,113747,na,135961,133350,17863,18307
  1999 Oct,687019,268633,112995,na,136147,133120,17843,18281
  1999 Sep,686437,268142,112467,na,136407,133228,17951,18242
  1999 Aug,684870,267588,111581,na,136383,133119,17940,18259
  1999 Jul,683773,267217,110868,na,136320,133106,17924,18338
  1999 Jun,682572,266664,110437,na,136248,132985,17906,18332
  1999 May,680692,265509,109835,na,136383,132775,17887,18303
  1999 Apr,680278,265168,109451,na,136739,132746,17881,18293
  1999 Mar,679534,265013,109034,na,136749,132638,17838,18262
  1999 Feb,679829,265512,108976,na,136635,132640,17775,18291
  1999 Jan,680690,266313,108929,na,136741,132640,17849,18218
  1998 Dec,681081,261483,107591,6353,137164,132385,17886,18219
  1998 Nov,681924,262062,107579,6375,137594,132473,17817,18024
  1998 Oct,682309,262449,107708,6413,137635,132392,17779,17933
  1998 Sep,683844,263293,107826,6429,137963,132592,17816,17925
  1998 Aug,684812,263970,107716,6456,138236,132680,17894,17860
  1998 Jul,685261,264540,107566,6472,138652,132610,17611,17810
  1998 Jun,685213,264750,107332,6490,138758,132540,17540,17803
  1998 May,685249,264928,107083,6506,138950,132438,17458,17886
  1998 Apr,685185,265270,106714,6522,139012,132408,17355,17904
  1998 Mar,684133,265317,106119,6556,139020,132130,17171,17820
  1998 Feb,685158,265973,106132,6583,139293,132298,17160,17719
  1998 Jan,684627,266099,105957,6602,139219,132113,17090,17547
  1997 Dec,683204,265818,105158,6619,139531,131818,16933,17327
  1997 Nov,683222,266083,104749,6644,139873,131689,16973,17211
  1997 Oct,682652,266072,104321,6665,139743,131741,16926,17184
  1997 Sep,681335,265711,103862,6687,139477,131710,16750,17138
  1997 Aug,679785,264425,103089,7437,139204,131763,16772,17095
  1997 Jul,678732,263931,102476,7664,138973,131857,16774,17057
  1997 Jun,677818,263486,101851,7881,138812,131994,16780,17014
  1997 May,676340,262755,101260,8093,138527,131952,16753,17000
  1997 Apr,674760,262230,100565,8255,138224,131836,16822,16828
  1997 Mar,673361,261551,99935,8393,138010,131844,16920,16708
  1997 Feb,671839,260844,99335,8522,137730,131939,16897,16572
  1997 Jan,670899,260341,99054,8609,137623,131818,16920,16534
  1996 Dec,668304,259058,98063,8746,137573,131487,16857,16520
  1996 Nov,666773,258276,97243,8893,137857,131389,16697,16418
  1996 Oct,665203,257649,96521,8971,137784,131242,16640,16396
  1996 Sep,663028,256605,95768,9098,137657,131113,16456,16331
  1996 Aug,661066,255574,95039,9201,137465,131052,16446,16289
  1996 Jul,658650,254532,94450,9300,137079,130722,16370,16197
  1996 Jun,656552,253410,93913,9453,136778,130445,16384,16169
  1996 May,654630,252343,93282,9563,136613,130216,16490,16123
  1996 Apr,652459,251090,92639,9674,136411,129982,16613,16050
  1996 Mar,650071,249989,91878,9797,136148,129863,16453,15943
  1996 Feb,647472,248588,91320,9903,135903,129437,16460,15861
  1996 Jan,645133,247532,90363,9992,135738,129150,16556,15802
  1995 Dec,642129,246258,89385,10117,135447,128693,16517,15712
  1995 Nov,640148,245283,88729,10256,135644,128465,16315,15456
  1995 Oct,637442,243892,87920,10368,135270,128307,16337,15348
  1995 Sep,635035,242953,87068,10479,135031,127968,16283,15253
  1995 Aug,632085,241615,86080,10629,134783,127599,16177,15202
  1995 Jul,628901,240404,85257,10834,134190,127175,15910,15131
  1995 Jun,626727,239610,84470,11035,133928,127008,15590,15086
  1995 May,624568,239082,83439,11230,133663,126749,15384,15021
  1995 Apr,622021,237988,82576,11465,133379,126448,15190,14975
  1995 Mar,619586,237093,81516,11677,133225,126205,14995,14875
  1995 Feb,616485,235714,80405,11859,132930,125888,14870,14819
  1995 Jan,614734,234991,79813,11960,132539,125769,14904,14758
  1994 Dec,611611,233674,78566,12143,132521,125314,14750,14643
  1994 Nov,610070,233272,77909,12284,132712,124647,14719,14527
  1994 Oct,608182,232574,77055,12483,132707,124295,14625,14443
  1994 Sep,606179,231590,76519,12808,132621,123819,14400,14422
  1994 Aug,604173,231113,75737,12696,132485,123410,14376,14356
  1994 Jul,602423,230874,75155,12425,132252,123139,14249,14329
  1994 Jun,600040,230355,74279,12174,132116,122705,14206,14205
  1994 May,597967,230094,73471,11940,131894,122337,14144,14087
  1994 Apr,595579,229688,72791,11717,131657,121632,14129,13965
  1994 Mar,593949,229444,72212,11515,130491,121080,14160,15047
  1994 Feb,589775,228331,71103,11181,129987,120198,14033,14942
  1994 Jan,588119,228193,70356,11012,129983,119692,14005,14878
  1993 Dec,584322,226994,68963,10716,129834,119107,13917,14791
  1993 Nov,582828,227026,67863,10440,129905,118818,13888,14888
  1993 Oct,580658,226628,67104,10219,129703,118605,13627,14772
  1993 Sep,578835,225981,66614,10018,129451,118392,13643,14736
  1993 Aug,576582,225366,65945,9786,129219,117993,13617,14656
  1993 Jul,573890,224580,65247,9560,128738,117682,13555,14528
  1993 Jun,571361,223754,64440,9307,128284,117482,13618,14476
  1993 May,569061,223059,63679,9080,128067,117190,13563,14423
  1993 Apr,567295,222776,62972,8800,127953,116942,13528,14324
  1993 Mar,565583,222655,62222,8634,127578,116649,13543,14302
  1993 Feb,563054,221868,61698,8377,127055,116289,13507,14260
  1993 Jan,561555,221795,61266,8184,126599,116002,13498,14211
  1992 Dec,557584,219973,60245,7925,126109,115719,13445,14168
  1992 Nov,556028,219520,59697,7667,124995,115172,13412,15565
  1992 Oct,555357,219604,59326,7445,124816,115066,13234,15866
  1992 Sep,554205,219547,58856,7235,124601,114861,13252,15853
  1992 Aug,552469,219272,58275,6983,124347,114601,13201,15790
  1992 Jul,550886,219073,57843,6744,123981,114226,13258,15761
  1992 Jun,549435,219148,57404,6519,123578,113864,13205,15717
  1992 May,546988,218707,56530,6236,123176,113621,13069,15649
  1992 Apr,548933,219697,56480,6051,123292,114773,13067,15573
  1992 Mar,561423,224993,57192,5973,125267,119567,12926,15505
  1992 Feb,561210,225558,56849,5626,124901,120063,12867,15346
  1992 Jan,561044,225616,56582,5293,124777,120648,12847,15281
  1991 Dec,559304,225091,55739,4889,124432,121256,12705,15192
  1991 Nov,558316,225021,55455,4599,123719,121621,12563,15338
  1991 Oct,556850,224285,54860,4177,123548,122124,12582,15274
  1991 Sep,555908,223836,54438,3591,123509,122714,12661,15159
  1991 Aug,554619,223935,54108,3113,123483,122271,12672,15037
  1991 Jul,553158,223378,53822,2490,123284,122656,12609,14919
  1991 Jun,552149,223274,53726,1846,123127,122842,12499,14835
  1991 May,550524,223516,53771,716,122826,122572,12389,14734
  1991 Apr,549188,223228,53643,na,122553,122611,12463,14690
  1991 Mar,547286,222396,53184,na,122050,122550,12399,14707
  1991 Feb,545775,221985,52937,na,121515,122304,12392,14642
  1991 Jan,543698,221243,52318,na,121184,121982,12345,14626
  1990 Dec,542352,221211,51916,na,120978,121448,12239,14560
  1990 Nov,540398,220679,51279,na,120476,121222,12210,14532
  1990 Oct,539952,221129,51131,na,120104,120897,12301,14390
  1990 Sep,537274,220462,50309,na,119345,120724,12079,14355
  1990 Aug,535747,220101,49999,na,118941,120541,11807,14358
  1990 Jul,534210,219774,49640,na,118478,120507,11576,14235
  1990 Jun,533676,219746,49431,na,118505,120433,11328,14233
  1990 May,532305,219348,49128,na,118289,120231,11070,14239
,,,,,,,,
Definitions and Footnotes:,,,,,,,,
Figures include weekend/off-peak cars & tax exempted vehicles,,,,,,,,
Total Motor Vehicles -> Category A: Cars (Number):,,,,,,,,
"For cars registered with Certificates of Entitlement (COEs) obtained before Feb 2014 bidding exercises, Category A cars refer to cars with engine capacity up to 1600cc and Category B cars refer to cars with engine capacity above 1,600cc.  For cars registered with COEs obtained from Feb 2014 1st bidding exercise onwards but before the May 2022 1st bidding exercise, Category A cars refer to cars with engine capacity up to 1600cc and Maximum Power Output up to 97kW (130bhp) and Category B cars refer to cars with engine capacity above 1600cc or Maximum Power Output above 97kW (130bhp).  For cars registered with COEs obtained from the May 2022 1st bidding exercise onwards, Category A cars refer to cars, except fully electric cars, with engine capacity up to 1600cc and Maximum Power Output up to 97kW (130bhp); and fully electric cars with Maximum Power Output up to 110kW (147bhp) and Category B cars refer to cars, except fully electric cars, with engine capacity above 1600cc or Maximum Power Output above 97kW (130bhp); and fully electric cars with Maximum Power Output above 110kW (147bhp).",,,,,,,,
Total Motor Vehicles -> Category B: Cars (Number):,,,,,,,,
"For cars registered with Certificates of Entitlement (COEs) obtained before Feb 2014 bidding exercises, Category A cars refer to cars with engine capacity up to 1600cc and Category B cars refer to cars with engine capacity above 1,600cc.  For cars registered with COEs obtained from Feb 2014 1st bidding exercise onwards but before the May 2022 1st bidding exercise, Category A cars refer to cars with engine capacity up to 1600cc and Maximum Power Output up to 97kW (130bhp) and Category B cars refer to cars with engine capacity above 1600cc or Maximum Power Output above 97kW (130bhp).  For cars registered with COEs obtained from the May 2022 1st bidding exercise onwards, Category A cars refer to cars, except fully electric cars, with engine capacity up to 1600cc and Maximum Power Output up to 97kW (130bhp); and fully electric cars with Maximum Power Output up to 110kW (147bhp) and Category B cars refer to cars, except fully electric cars, with engine capacity above 1600cc or Maximum Power Output above 97kW (130bhp); and fully electric cars with Maximum Power Output above 110kW (147bhp).",,,,,,,,
Total Motor Vehicles -> Taxis (Number):,,,,,,,,
"Prior to Aug 2012, taxi operators can bid for a new Certificate of Entitlement (COE) or pay Prevailing Quota Premium (PQP) to register a taxi under Category A.  The latter is only in the case of a new taxi that replaces a deregistered one within 6 months.  From Aug 2012, all taxis pay for COEs based on the PQP of Category A.",,,,,,,,
Total Motor Vehicles -> Vehicles Exempted From VQS (Number):,,,,,,,,
"Includes vehicles which are exempted from the Vehicle Quota System (VQS), for example, scheduled and school buses, emergency vehicles, diplomatic vehicles, vehicles under the Disabled Person Scheme and vehicles for off-the-road use.",,,,,,,,
,,,,,,,,
Notation:,,,,,,,,
na   not available or not applicable,,,,,,,,
nec  not elsewhere classified,,,,,,,,
nes  not elsewhere specified,,,,,,,,
 -     nil or negligible or not significant,,,,,,,,
Notes,,,,,,,,
Numbers may not add up to the totals due to rounding.,,,,,,,,
"Data are the latest available at the time of access or download. Some statistics, particularly those for the most recent time periods, are provisional and may be subject to revision at a later date.",,,,,,,,
Values are shown in Singapore dollars (unless otherwise specified).,,,,,,,,
,,,,,,,,
Generated by: SingStat Table Builder,,,,,,,,
Date generated: 26/02/2026,,,,,,,,
Contact: info@singstat.gov.sg,,,,,,,,