,,,,,,,,,,
Theme: Industry,,,,,,,,,,
Subject: Transport,,,,,,,,,,
Topic: Land Transport (including MRT and LRT),,,,,,,,,,
"Table Title: New Registration Of Motor Vehicles Under Vehicle Quota System , Monthly",,,,,,,,,,
,,,,,,,,,,
Data last updated: 26/01/2026,,,,,,,,,,
Source: LAND TRANSPORT AUTHORITY,,,,,,,,,,
,,,,,,,,,,
Data Series,Total New Motor Vehicles Registered (Number),Total New Motor Vehicles Registered -> Category A: Cars (Number),Total New Motor Vehicles Registered -> Category B: Cars (Number),Total New Motor Vehicles Registered -> Weekend Cars/Off Peak Cars (Number),Total New Motor Vehicles Registered -> Category C: Goods Vehicles & Buses (Number),Total New Motor Vehicles Registered -> Category C: Goods Vehicles & Buses -> Category C: Goods Vehicles & Buses Not Under ETS (Number),Total New Motor Vehicles Registered -> Category C: Goods Vehicles & Buses -> Category C: Goods Vehicles & Buses Under ETS (Number),Total New Motor Vehicles Registered -> Category D: Motorcycles & Scooters (Number),Total New Motor Vehicles Registered -> Taxis (Number),Total New Motor Vehicles Registered -> Vehicles Exempted From VQS (Number)
  2025 Dec,8513,3418,2915,na,808,551,257,1126,91,155
  2025 Nov,6304,2425,1938,na,624,499,125,1030,112,175
  2025 Oct,5763,2110,1830,na,665,505,160,938,63,157
  2025 Sep,6886,2522,2145,na,721,555,166,1226,86,186
  2025 Aug,6468,2757,1872,na,672,493,179,990,17,160
  2025 Jul,6564,2642,1961,na,715,582,133,1024,41,181
  2025 Jun,6445,2571,2029,na,604,529,75,1074,26,141
  2025 May,6298,2225,2208,na,537,441,96,1164,25,139
  2025 Apr,5499,2106,1828,na,485,362,123,889,41,150
  2025 Mar,6814,2104,2217,na,1309,835,474,1029,61,94
  2025 Feb,5856,2429,1442,na,652,504,148,1135,92,106
  2025 Jan,4267,1352,1335,na,464,325,139,912,35,169
  2024 Dec,7561,2928,2350,na,600,427,173,1224,160,299
  2024 Nov,5338,1929,1645,na,557,420,137,998,42,167
  2024 Oct,5153,1939,1455,na,662,392,270,990,0,107
  2024 Sep,6132,2178,1927,na,721,450,271,965,221,120
  2024 Aug,5803,2092,1829,na,640,447,193,940,117,185
  2024 Jul,5935,2219,1679,na,710,459,251,1158,50,119
  2024 Jun,5616,1983,1776,na,478,320,158,1026,252,101
  2024 May,4875,1726,1450,na,503,347,156,1028,85,83
  2024 Apr,5251,1947,1482,na,482,296,186,1025,193,122
  2024 Mar,5812,1884,1595,na,946,594,352,1075,173,139
  2024 Feb,3825,1355,1027,na,409,308,101,916,22,96
  2024 Jan,3927,1110,1074,na,495,388,107,1055,0,193
  2023 Dec,6766,2593,2125,na,535,394,141,1251,142,120
  2023 Nov,3892,1395,1084,na,354,218,136,892,41,126
  2023 Oct,4124,1269,1053,na,467,190,277,1077,164,94
  2023 Sep,4026,1292,1077,na,426,188,238,937,170,124
  2023 Aug,4212,1177,1318,na,441,191,250,1027,85,164
  2023 Jul,3949,1155,1193,na,357,122,235,1066,0,178
  2023 Jun,3873,1103,1182,na,311,125,186,1106,0,171
  2023 May,3883,924,1252,na,212,145,67,1291,51,153
  2023 Apr,3360,1078,1077,na,136,45,91,754,201,114
  2023 Mar,5513,1093,1311,na,1648,166,1482,1074,77,310
  2023 Feb,4148,1005,1101,na,861,124,737,1005,32,144
  2023 Jan,3135,827,1041,na,411,118,293,731,5,120
  2022 Dec,4398,1077,1272,na,809,183,626,967,30,243
  2022 Nov,4371,1100,1165,na,1000,164,836,930,23,153
  2022 Oct,4209,1019,1296,na,770,152,618,903,0,221
  2022 Sep,4372,1011,1303,na,953,171,782,910,2,193
  2022 Aug,4600,1133,1174,na,811,188,623,1108,116,258
  2022 Jul,4512,1240,1246,na,683,217,466,1059,80,204
  2022 Jun,5368,1406,1808,na,732,213,519,1213,21,188
  2022 May,4776,1313,1604,na,652,135,517,1044,25,138
  2022 Apr,4657,1139,1347,na,940,162,778,1019,117,95
  2022 Mar,4863,1073,1531,na,1000,210,790,1083,77,99
  2022 Feb,3743,985,1270,na,562,120,442,830,15,81
  2022 Jan,4697,1315,1645,na,666,186,480,950,0,121
  2021 Dec,4955,1191,1696,na,824,249,575,955,115,174
  2021 Nov,4733,1352,1594,na,698,246,452,849,118,122
  2021 Oct,4696,1470,1472,na,762,254,508,794,65,133
  2021 Sep,5821,1484,2403,na,794,233,561,900,110,130
  2021 Aug,5395,1251,2241,na,713,249,464,981,93,116
  2021 Jul,5509,1598,1809,na,837,393,444,1078,40,147
  2021 Jun,6254,1932,2484,na,812,301,511,868,21,137
  2021 May,5453,1519,2240,na,635,241,394,945,32,82
  2021 Apr,6186,1683,2348,na,836,360,476,1072,105,142
  2021 Mar,7869,1888,2694,na,1914,1340,574,1146,55,172
  2021 Feb,5637,1537,2099,na,936,328,608,867,116,82
  2021 Jan,7873,2452,2799,na,1181,657,524,973,318,150
  2020 Dec,6152,1291,2614,na,978,689,289,1077,114,78
  2020 Nov,6810,1819,2840,na,858,534,324,968,207,118
  2020 Oct,6859,2091,2650,na,993,497,496,833,183,109
  2020 Sep,6878,1978,2578,na,1219,777,442,865,162,76
  2020 Aug,7487,2277,2897,na,1091,725,366,907,214,101
  2020 Jul,6785,1909,2912,na,884,572,312,950,17,113
  2020 Jun,2072,449,612,na,496,249,247,415,20,80
  2020 May,653,13,34,na,126,96,30,431,0,49
  2020 Apr,1646,263,419,na,244,151,93,598,34,88
  2020 Mar,7532,2250,2732,na,993,690,303,1371,82,104
  2020 Feb,6911,2028,2630,na,733,496,237,1150,167,203
  2020 Jan,7182,2160,2861,na,822,625,197,979,149,211
  2019 Dec,8046,2156,2550,na,845,626,219,1788,576,131
  2019 Nov,8023,2447,2622,na,1006,673,333,1473,390,85
  2019 Oct,7977,2202,2812,na,1048,632,416,1332,503,80
  2019 Sep,8179,2567,3004,na,1092,742,350,1371,57,88
  2019 Aug,8135,2390,2705,na,1064,702,362,1628,253,95
  2019 Jul,10553,3658,3327,na,1207,853,354,1986,294,81
  2019 Jun,9143,3188,2961,na,1085,644,441,1642,200,67
  2019 May,9576,3567,2738,na,1137,468,669,1685,360,89
  2019 Apr,10378,3920,2938,na,1510,601,909,1513,353,144
  2019 Mar,10709,3573,3642,na,1404,708,696,1725,220,145
  2019 Feb,7284,2408,2594,na,799,504,295,1305,107,71
  2019 Jan,11782,4111,4138,na,1268,744,524,1908,236,121
  2018 Dec,9922,2930,3714,na,1021,649,372,1676,349,232
  2018 Nov,9923,3238,3523,na,1167,556,611,1585,259,151
  2018 Oct,9876,3018,3719,na,1539,871,668,1322,169,109
  2018 Sep,8843,2887,3280,na,1154,757,397,1308,115,99
  2018 Aug,8533,2721,3208,na,1114,564,550,1062,285,143
  2018 Jul,7755,2059,3207,na,1126,521,605,1099,130,134
  2018 Jun,12684,5927,4528,na,1218,803,415,872,33,106
  2018 May,9467,3889,3523,na,1102,555,547,861,4,88
  2018 Apr,8922,3342,3615,na,1113,527,586,750,0,102
  2018 Mar,8579,3674,3313,na,890,386,504,604,0,98
  2018 Feb,6076,2668,2541,na,397,172,225,394,0,76
  2018 Jan,6716,3524,2045,na,522,178,344,520,0,105
  2017 Dec,14327,4369,5748,na,2225,1937,288,1113,568,304
  2017 Nov,10454,3754,3913,na,1582,945,637,794,286,125
  2017 Oct,9797,3416,3730,na,1489,972,517,752,263,147
  2017 Sep,8780,2775,3126,na,1601,1150,451,884,270,124
  2017 Aug,11236,3746,3970,na,2265,1134,1131,824,272,159
  2017 Jul,10955,3674,3847,na,2123,1387,736,878,278,155
  2017 Jun,11209,4189,4055,na,1766,1536,230,829,185,185
  2017 May,11288,4473,3933,na,1807,1683,124,775,170,130
  2017 Apr,8550,3672,3114,na,1060,281,779,575,24,105
  2017 Mar,11403,4666,3927,na,1734,389,1345,813,81,182
  2017 Feb,8251,3647,2501,na,1164,338,826,760,59,120
  2017 Jan,9538,3695,3835,na,945,303,642,643,314,106
  2016 Dec,9229,3735,3040,na,1199,417,782,709,401,145
  2016 Nov,9726,3674,3805,na,1215,425,790,626,266,140
  2016 Oct,9751,4247,3511,na,1079,296,783,580,166,168
  2016 Sep,10536,4486,3430,na,1330,328,1002,757,319,214
  2016 Aug,9926,4229,2889,na,1419,354,1065,824,264,301
  2016 Jul,9736,3859,3044,na,1519,408,1111,750,344,220
  2016 Jun,10941,4847,3254,na,1463,494,969,745,371,261
  2016 May,11004,4910,3295,na,1573,426,1147,689,389,148
  2016 Apr,10280,3997,3180,na,1749,351,1398,722,463,169
  2016 Mar,10445,4124,2955,na,1949,521,1428,672,490,255
  2016 Feb,7579,3239,2488,na,1013,326,687,595,75,169
  2016 Jan,9638,3953,3111,na,1457,440,1017,667,246,204
  2015 Dec,9347,3676,2688,na,1736,480,1256,727,303,217
  2015 Nov,8783,3564,2597,na,1499,437,1062,578,342,203
  2015 Oct,9229,3667,2428,na,1783,493,1290,676,482,193
  2015 Sep,8221,2811,2437,na,1859,454,1405,623,316,175
  2015 Aug,7681,2446,2241,na,1978,426,1552,589,246,181
  2015 Jul,5090,1777,1390,na,933,616,317,636,181,173
  2015 Jun,8934,3853,3134,na,876,619,257,638,251,182
  2015 May,6734,2501,2070,na,742,503,239,562,629,230
  2015 Apr,6008,1866,1976,na,972,341,631,653,344,197
  2015 Mar,6339,1958,1958,na,1070,491,579,622,499,232
  2015 Feb,4304,1306,1589,na,493,271,222,485,226,205
  2015 Jan,5398,1547,1972,na,738,442,296,670,241,230
  2014 Dec,5253,1482,1589,na,734,326,408,688,454,306
  2014 Nov,5090,1269,1640,na,1152,424,728,538,267,224
  2014 Oct,5324,1261,1487,na,1548,706,842,531,245,252
  2014 Sep,5708,1256,1678,na,1199,664,535,862,512,201
  2014 Aug,5251,1081,1477,na,1390,572,818,689,350,264
  2014 Jul,5042,937,1312,na,1437,733,704,711,369,276
  2014 Jun,4719,963,1437,na,1053,640,413,619,434,213
  2014 May,3856,905,1222,na,790,541,249,588,169,182
  2014 Apr,3636,768,964,na,715,465,250,576,412,201
  2014 Mar,4237,806,1154,na,925,563,362,597,548,207
  2014 Feb,3517,754,1105,na,594,355,239,729,205,130
  2014 Jan,3955,844,1224,na,432,309,123,1017,227,211
  2013 Dec,4737,733,1295,na,931,823,108,1079,432,267
  2013 Nov,3436,647,960,na,483,405,78,937,219,190
  2013 Oct,3911,650,956,na,569,434,135,953,541,242
  2013 Sep,3792,938,1011,na,506,438,68,974,214,149
  2013 Aug,3524,675,1032,na,504,451,53,936,181,196
  2013 Jul,4016,714,929,na,587,552,35,1128,395,263
  2013 Jun,4352,867,1270,na,563,552,11,872,592,188
  2013 May,3990,980,1160,na,490,487,3,1028,143,189
  2013 Apr,3599,764,1131,na,482,482,na,976,59,187
  2013 Mar,3392,719,982,na,396,396,na,1030,55,210
  2013 Feb,2739,538,795,na,223,223,na,792,215,176
  2013 Jan,4273,966,1296,na,422,422,na,945,444,200
  2012 Dec,3803,793,1337,na,375,375,na,830,262,206
  2012 Nov,3695,1055,1170,na,377,377,na,778,123,192
  2012 Oct,3704,967,1276,na,365,365,na,809,127,160
  2012 Sep,3939,975,1232,na,335,335,na,818,381,198
  2012 Aug,3641,906,991,na,345,345,na,852,379,168
  2012 Jul,4305,941,1336,na,409,409,na,928,510,181
  2012 Jun,4093,1174,1346,na,282,282,na,795,254,242
  2012 May,3947,955,1299,na,299,299,na,802,390,202
  2012 Apr,4233,976,1242,na,416,416,na,820,567,212
  2012 Mar,4371,1114,1533,na,407,407,na,853,297,167
  2012 Feb,4338,1154,1448,na,416,416,na,927,225,168
  2012 Jan,3486,861,1324,na,315,315,na,711,183,92
  2011 Dec,3852,818,1439,na,493,493,na,736,155,211
  2011 Nov,3689,869,1417,na,506,506,na,644,84,169
  2011 Oct,3774,756,1416,na,570,570,na,684,168,180
  2011 Sep,3882,968,1335,na,560,560,na,737,132,150
  2011 Aug,3480,925,1092,na,518,518,na,688,110,147
  2011 Jul,4224,989,1478,na,600,600,na,674,332,151
  2011 Jun,4776,1055,1762,na,527,527,na,657,535,240
  2011 May,4077,775,1556,na,437,437,na,637,531,141
  2011 Apr,4352,897,1585,na,498,498,na,571,636,165
  2011 Mar,4309,1019,1542,na,611,611,na,658,275,204
  2011 Feb,2848,603,1071,na,325,325,na,537,240,72
  2011 Jan,4592,1142,1402,na,432,432,na,823,661,132
  2010 Dec,4570,864,2020,na,470,470,na,694,379,143
  2010 Nov,4185,1044,1613,na,381,381,na,605,467,75
  2010 Oct,4211,1023,1656,na,372,372,na,631,394,135
  2010 Sep,4435,1079,1801,na,390,390,na,682,328,155
  2010 Aug,4415,1207,1648,na,411,411,na,703,322,124
  2010 Jul,4868,1378,1885,na,363,363,na,780,301,161
  2010 Jun,5145,1439,1992,na,363,363,na,666,576,109
  2010 May,4462,1360,1650,na,293,293,na,650,314,195
  2010 Apr,4994,1499,1672,na,348,348,na,710,604,161
  2010 Mar,6392,2349,2129,na,481,481,na,778,476,179
  2010 Feb,5313,1873,2216,na,244,244,na,601,290,89
  2010 Jan,8028,3507,2761,na,502,502,na,781,412,65
  2009 Dec,6502,2153,2625,na,483,483,na,818,311,112
  2009 Nov,6028,2417,2206,na,393,393,na,661,241,110
  2009 Oct,6687,2755,2213,na,456,456,na,761,374,128
  2009 Sep,6521,2693,2084,na,388,388,na,720,488,148
  2009 Aug,6653,2801,2154,na,451,451,na,795,280,172
  2009 Jul,6928,2835,2329,na,519,519,na,753,316,176
  2009 Jun,8111,3568,2679,na,568,568,na,749,417,130
  2009 May,7868,3574,2457,na,655,655,na,711,360,111
  2009 Apr,7276,3194,2564,na,497,497,na,702,207,112
  2009 Mar,9594,4603,3135,na,688,688,na,844,225,99
  2009 Feb,8757,3977,3145,na,658,658,na,744,171,62
  2009 Jan,8013,3825,2688,na,564,564,na,625,193,118
  2008 Dec,10062,5001,3322,na,668,668,na,728,189,154
  2008 Nov,8622,4150,2908,na,609,609,na,646,144,165
  2008 Oct,8993,3928,3239,na,809,809,na,769,124,124
  2008 Sep,11146,4706,4155,na,916,916,na,949,217,203
  2008 Aug,9049,3716,3166,na,906,906,na,817,300,144
  2008 Jul,10824,4608,3741,na,920,920,na,990,349,216
  2008 Jun,11087,4714,4033,na,855,855,na,1038,300,147
  2008 May,10493,4608,3745,na,881,881,na,937,186,136
  2008 Apr,10905,4972,3638,na,896,896,na,955,225,219
  2008 Mar,9970,4127,3795,na,870,870,na,817,147,214
  2008 Feb,8575,3595,3397,na,623,623,na,799,93,68
  2008 Jan,11540,5210,4594,na,642,642,na,914,106,74
  2007 Dec,10756,4102,3997,na,1137,1137,na,738,642,140
  2007 Nov,9186,3886,3463,na,599,599,na,814,266,158
  2007 Oct,10954,4669,3892,na,1000,1000,na,943,337,113
  2007 Sep,10725,4629,3928,na,932,932,na,759,392,85
  2007 Aug,10713,4242,3750,na,1322,1322,na,866,396,137
  2007 Jul,10323,4636,3392,na,1032,1032,na,868,283,112
  2007 Jun,12289,5531,4183,na,1188,1188,na,1019,288,80
  2007 May,11441,5237,3764,na,1078,1078,na,870,385,107
  2007 Apr,11399,5485,3574,na,883,883,na,967,409,81
  2007 Mar,12458,6015,4041,na,995,995,na,1068,272,67
  2007 Feb,10293,5082,3708,na,593,593,na,693,86,131
  2007 Jan,12994,6686,4639,na,681,681,na,764,119,105
  2006 Dec,11236,5961,3840,na,494,494,na,817,2,122
  2006 Nov,11226,5945,3902,na,346,346,na,942,31,60
  2006 Oct,11278,5846,3826,na,714,714,na,816,24,52
  2006 Sep,13933,4804,3500,na,2997,2997,na,977,1266,389
  2006 Aug,11663,5192,3246,na,1518,1518,na,921,653,133
  2006 Jul,12527,6166,3671,na,1332,1332,na,896,359,103
  2006 Jun,12201,5918,3961,na,1083,1083,na,911,192,136
  2006 May,13243,6203,4141,na,1022,1022,na,1138,652,87
  2006 Apr,12074,5508,3756,na,1057,1057,na,970,710,73
  2006 Mar,16204,7783,4965,na,1462,1462,na,1340,457,197
  2006 Feb,9934,4858,2903,na,851,851,na,901,364,57
  2006 Jan,13564,6630,4324,na,1272,1272,na,857,404,77
  2005 Dec,12589,6136,3449,na,964,964,na,1129,799,112
  2005 Nov,11036,5057,3392,na,985,985,na,884,654,64
  2005 Oct,12044,5908,3470,na,1110,1110,na,1060,429,67
  2005 Sep,11353,5406,3326,na,1262,1262,na,950,319,90
  2005 Aug,10742,4885,3060,na,1179,1179,na,1024,520,74
  2005 Jul,12572,5948,3461,na,1340,1340,na,1029,695,99
  2005 Jun,12792,5950,3573,na,1286,1286,na,1119,791,73
  2005 May,11285,5439,3118,na,1064,1064,na,999,610,55
  2005 Apr,12533,6130,3417,na,1166,1166,na,1119,607,94
  2005 Mar,14863,6929,3976,na,1818,1818,na,1074,952,114
  2005 Feb,9095,3978,2650,na,932,932,na,806,669,60
  2005 Jan,14154,6702,3807,na,1715,1715,na,953,849,128
  2004 Dec,11407,4923,3409,na,1394,1394,na,978,579,124
  2004 Nov,11656,5405,3304,na,1176,1176,na,1019,676,76
  2004 Oct,11321,5394,3143,na,1220,1220,na,1018,460,86
  2004 Sep,11105,4615,2990,na,1316,1316,na,1053,1029,102
  2004 Aug,10133,4346,2935,na,1247,1247,na,1015,525,65
  2004 Jul,11391,5109,3131,na,1407,1407,na,1008,649,87
  2004 Jun,10146,4293,3446,na,1039,1039,na,776,513,79
  2004 May,9755,4349,3101,na,892,892,na,905,440,68
  2004 Apr,9944,4391,3062,na,1275,1275,na,812,323,81
  2004 Mar,12518,5271,3478,na,1849,1849,na,1337,498,85
  2004 Feb,11065,5129,3033,na,1524,1524,na,1196,152,31
  2004 Jan,10781,4944,3505,na,1192,1192,na,965,139,36
  2003 Dec,10920,4364,3407,na,1422,1422,na,1323,291,113
  2003 Nov,9524,4492,2761,na,1166,1166,na,900,149,56
  2003 Oct,9259,4233,2729,na,1203,1203,na,926,112,56
  2003 Sep,9722,4328,2714,na,1210,1210,na,1231,198,41
  2003 Aug,8794,3560,2649,na,1076,1076,na,1182,251,76
  2003 Jul,10226,4619,3010,na,1410,1410,na,929,180,78
  2003 Jun,8917,3414,2602,na,1210,1210,na,1470,152,69
  2003 May,10217,4434,3126,na,1129,1129,na,1242,184,102
  2003 Apr,9398,3979,2640,na,1153,1153,na,1422,68,136
  2003 Mar,9736,4132,2256,na,1334,1334,na,1581,292,141
  2003 Feb,6804,2704,1781,na,812,812,na,1322,112,73
  2003 Jan,10280,4297,3064,na,1240,1240,na,1433,174,72
  2002 Dec,9371,3636,2618,na,1044,1044,na,1626,378,69
  2002 Nov,8034,3103,2306,na,947,947,na,1515,93,70
  2002 Oct,7400,2391,2243,na,994,994,na,1445,277,50
  2002 Sep,7397,2276,2352,na,1115,1115,na,1370,198,86
  2002 Aug,7655,2365,2504,na,1056,1056,na,1374,253,103
  2002 Jul,8967,3032,2683,na,1008,1008,na,1797,364,83
  2002 Jun,7711,2798,2249,na,841,841,na,1397,386,40
  2002 May,7115,2725,1879,na,772,772,na,1280,385,74
  2002 Apr,8099,3275,2021,na,974,974,na,1445,337,47
  2002 Mar,9049,4030,2375,na,896,896,na,1469,233,46
  2002 Feb,5668,2182,1899,na,399,399,na,940,148,100
  2002 Jan,8586,3681,2364,na,827,827,na,1448,164,102
  2001 Dec,7216,3043,1956,na,662,662,na,1229,267,59
  2001 Nov,7475,3442,1857,na,750,750,na,1262,96,68
  2001 Oct,7386,3382,1805,na,830,830,na,1288,20,61
  2001 Sep,6846,3120,1922,na,672,672,na,1059,6,67
  2001 Aug,8716,3987,2125,na,791,791,na,1087,651,75
  2001 Jul,7982,3426,1989,na,978,978,na,1369,112,108
  2001 Jun,7966,3127,2374,na,1127,1127,na,1113,153,72
  2001 May,8108,3577,2239,na,1122,1122,na,1030,71,69
  2001 Apr,8455,3864,1991,na,1388,1388,na,1003,134,75
  2001 Mar,10899,4335,2464,na,2512,2512,na,1208,255,125
  2001 Feb,8915,3126,1875,na,2195,2195,na,1338,206,175
  2001 Jan,9135,3918,2245,na,1611,1611,na,1013,256,92
  2000 Dec,9545,3275,2159,na,2548,2548,na,883,443,237
  2000 Nov,8615,3087,2322,na,1953,1953,na,1055,128,70
  2000 Oct,7930,2735,1701,na,2039,2039,na,969,382,104
  2000 Sep,9658,3511,2114,na,2611,2611,na,961,268,193
  2000 Aug,10073,3480,1857,na,3276,3276,na,1091,228,141
  2000 Jul,9843,3507,2185,na,2837,2837,na,1071,171,72
  2000 Jun,8969,3422,2354,na,1979,1979,na,1029,40,145
  2000 May,8305,2903,1873,na,1996,1996,na,1188,261,84
  2000 Apr,6613,2469,1836,na,1207,1207,na,982,53,66
  2000 Mar,6830,2335,1682,na,1548,1548,na,909,177,179
  2000 Feb,4349,1577,1077,na,851,851,na,727,34,83
  2000 Jan,6615,2855,1804,na,933,933,na,774,115,134
  1999 Dec,5985,2269,1265,na,1151,1151,na,917,231,152
  1999 Nov,5754,2201,1390,na,1066,1066,na,794,214,89
  1999 Oct,5665,2535,1207,na,967,967,na,824,33,99
  1999 Sep,6164,2543,1537,na,1043,1043,na,810,157,74
  1999 Aug,5806,2261,1342,na,1144,1144,na,820,155,84
  1999 Jul,5837,2116,1126,na,1287,1287,na,1083,134,91
  1999 Jun,5770,2409,1221,na,891,891,na,994,178,77
  1999 May,4511,1568,1058,na,819,819,na,853,143,70
  1999 Apr,5030,1738,1099,na,1112,1112,na,831,172,78
  1999 Mar,5236,1871,1026,na,1143,1143,na,790,271,135
  1999 Feb,3255,1244,675,na,537,537,na,563,72,164
  1999 Jan,4614,2026,833,na,755,755,na,766,143,91
  1998 Dec,4710,1890,897,6,690,690,na,824,286,117
  1998 Nov,4573,1700,802,9,914,914,na,772,238,138
  1998 Oct,3855,1392,623,11,919,919,na,747,84,79
  1998 Sep,3931,1497,748,8,816,816,na,704,43,115
  1998 Aug,4262,1537,800,6,670,670,na,652,466,131
  1998 Jul,5031,1963,910,7,920,920,na,843,288,100
  1998 Jun,4410,1532,848,10,824,824,na,715,396,85
  1998 May,4248,1371,848,8,929,929,na,689,330,73
  1998 Apr,5639,1755,1125,10,1075,1075,na,1178,389,107
  1998 Mar,2985,720,474,4,792,792,na,612,255,128
  1998 Feb,3591,1080,548,1,744,744,na,768,230,220
  1998 Jan,4857,1647,1124,5,586,586,na,907,312,276
  1997 Dec,3573,1034,713,4,586,586,na,842,232,162
  1997 Nov,3532,1143,682,3,751,751,na,574,271,108
  1997 Oct,4075,1336,708,8,907,907,na,666,316,134
  1997 Sep,4586,1532,949,16,892,892,na,674,392,131
  1997 Aug,3770,1134,829,6,691,691,na,557,444,109
  1997 Jul,3980,1174,882,10,725,725,na,644,394,151
  1997 Jun,4146,1290,788,6,889,889,na,599,388,186
  1997 May,4257,1161,936,7,847,847,na,746,310,250
  1997 Apr,4069,1296,864,13,777,777,na,706,200,213
  1997 Mar,4288,1396,851,10,854,854,na,584,317,276
  1997 Feb,2659,909,455,10,450,450,na,478,203,154
  1997 Jan,4746,1733,1177,17,586,586,na,857,259,117
  1996 Dec,4008,1379,992,13,518,518,na,557,391,158
  1996 Nov,3536,1145,876,13,524,524,na,579,308,91
  1996 Oct,4236,1476,928,15,642,642,na,678,355,142
  1996 Sep,3972,1495,913,14,661,661,na,548,223,118
  1996 Aug,3938,1432,725,8,790,790,na,605,223,155
  1996 Jul,4030,1495,702,5,751,751,na,741,222,114
  1996 Jun,3791,1450,775,14,671,671,na,594,164,123
  1996 May,3962,1667,795,29,692,692,na,592,77,110
  1996 Apr,4220,1436,934,17,742,742,na,670,269,152
  1996 Mar,4681,1814,745,24,864,864,na,913,177,144
  1996 Feb,3786,1418,1045,20,500,500,na,567,89,147
  1996 Jan,5002,1872,1125,19,796,796,na,819,172,199
  1995 Dec,4096,1613,746,17,592,592,na,582,302,244
  1995 Nov,4470,1919,909,30,773,773,na,475,181,183
  1995 Oct,4220,1414,990,17,646,646,na,749,223,181
  1995 Sep,4763,1889,1082,26,655,655,na,685,275,151
  1995 Aug,4529,1624,872,17,804,804,na,672,366,174
  1995 Jul,4060,1478,838,20,629,629,na,518,424,153
  1995 Jun,4026,1213,1067,23,645,645,na,593,312,173
  1995 May,4358,1662,913,24,645,645,na,665,292,157
  1995 Apr,4477,1608,1168,22,579,579,na,633,266,201
  1995 Mar,5237,2146,1213,30,777,777,na,700,205,166
  1995 Feb,3722,1635,697,35,818,818,na,414,22,101
  1995 Jan,5639,2399,1339,46,462,462,na,1016,186,191
  1994 Dec,3937,1486,793,60,327,327,na,936,130,205
  1994 Nov,4163,1615,949,47,533,533,na,670,186,163
  1994 Oct,4159,1652,696,91,472,472,na,830,290,128
  1994 Sep,4333,1663,924,171,543,543,na,805,103,124
  1994 Aug,4023,1429,807,270,686,686,na,529,193,109
  1994 Jul,4667,1591,1067,260,573,573,na,847,128,201
  1994 Jun,4555,1623,1036,251,624,624,na,676,160,185
  1994 May,4842,1763,919,223,705,705,na,953,104,175
  1994 Apr,3912,1432,755,213,376,376,na,911,47,178
  1994 Mar,6875,2549,1325,368,1015,1015,na,1241,211,166
  1994 Feb,3761,1111,921,189,411,411,na,899,113,117
  1994 Jan,5563,1935,1590,297,503,503,na,947,137,154
  1993 Dec,4476,1421,1318,285,403,403,na,679,124,246
  1993 Nov,4648,1608,1003,201,617,617,na,600,431,188
  1993 Oct,4339,1787,727,206,601,601,na,638,227,153
  1993 Sep,4750,1956,910,248,583,583,na,739,195,119
  1993 Aug,4977,2028,952,243,804,804,na,591,179,180
  1993 Jul,5383,2390,1106,266,786,786,na,574,153,108
  1993 Jun,5328,2351,1106,224,573,573,na,718,211,145
  1993 May,4548,1935,1000,269,392,392,na,642,159,151
  1993 Apr,4646,1778,1064,190,704,704,na,642,108,160
  1993 Mar,5652,2677,874,252,863,863,na,730,127,129
  1993 Feb,4352,1859,762,218,763,763,na,547,86,117
  1993 Jan,6021,2983,1206,278,746,746,na,591,90,127
  1992 Dec,4090,1796,494,261,760,760,na,426,122,231
  1992 Nov,3538,1457,546,227,449,449,na,453,254,152
  1992 Oct,3427,1322,658,200,489,489,na,551,73,134
  1992 Sep,4037,1547,793,265,562,562,na,623,135,112
  1992 Aug,3928,1576,613,230,653,653,na,637,135,84
  1992 Jul,3933,1429,637,254,681,681,na,617,175,140
  1992 Jun,4656,1690,1051,270,667,667,na,614,218,146
  1992 May,4104,1775,688,216,686,686,na,457,152,130
  1992 Apr,4055,1394,887,246,646,646,na,558,188,136
  1992 Mar,4724,1401,772,266,904,904,na,947,195,239
  1992 Feb,3188,1298,520,257,451,451,na,295,218,149
  1992 Jan,4974,2017,1119,291,759,759,na,326,248,214
  1991 Dec,3751,1434,576,281,589,589,na,285,239,347
  1991 Nov,4155,1923,849,254,592,592,na,223,123,191
  1991 Oct,4335,2102,742,371,507,507,na,269,136,208
  1991 Sep,3909,1195,613,224,411,411,na,1113,148,205
  1991 Aug,3885,1588,644,262,504,504,na,496,182,209
  1991 Jul,4035,1577,519,237,612,612,na,615,253,222
  1991 Jun,4248,1343,558,155,650,650,na,1095,252,195
  1991 May,3933,1660,577,105,632,632,na,606,214,139
  1991 Apr,4639,1953,657,na,894,894,na,788,208,139
  1991 Mar,4409,1839,486,na,889,889,na,888,156,151
  1991 Feb,4157,1677,761,na,612,612,na,831,177,99
  1991 Jan,4149,1582,610,na,567,567,na,958,258,174
  1990 Dec,4963,2125,819,na,817,817,na,795,201,206
  1990 Nov,3644,1372,312,na,728,728,na,832,133,267
  1990 Oct,5365,1806,983,na,1051,1051,na,943,465,117
  1990 Sep,3780,1259,517,na,739,739,na,718,424,123
  1990 Aug,4108,1361,570,na,776,776,na,818,376,207
  1990 Jul,2820,972,414,na,309,309,na,634,382,109
  1990 Jun,3716,1442,477,na,563,563,na,696,408,130
  1990 May,3731,1365,213,na,720,720,na,963,355,115
,,,,,,,,,,
Definitions and Footnotes:,,,,,,,,,,
Figures include weekend/off-peak cars & tax exempted vehicles,,,,,,,,,,
Total New Motor Vehicles Registered -> Category A: Cars (Number):,,,,,,,,,,
"For cars registered with Certificates of Entitlement (COEs) obtained before Feb 2014 bidding exercises, Category A cars refer to cars with engine capacity up to 1600cc and Category B cars refer to cars with engine capacity above 1,600cc.  For cars registered with COEs obtained from Feb 2014 1st bidding exercise onwards but before the May 2022 1st bidding exercise, Category A cars refer to cars with engine capacity up to 1600cc and Maximum Power Output up to 97kW (130bhp) and Category B cars refer to cars with engine capacity above 1600cc or Maximum Power Output above 97kW (130bhp).  For cars registered with COEs obtained from the May 2022 1st bidding exercise onwards, Category A cars refer to cars, except fully electric cars, with engine capacity up to 1600cc and Maximum Power Output up to 97kW (130bhp); and fully electric cars with Maximum Power Output up to 110kW (147bhp) and Category B cars refer to cars, except fully electric cars, with engine capacity above 1600cc or Maximum Power Output above 97kW (130bhp); and fully electric cars with Maximum Power Output above 110kW (147bhp).",,,,,,,,,,
Total New Motor Vehicles Registered -> Category B: Cars (Number):,,,,,,,,,,
"For cars registered with Certificates of Entitlement (COEs) obtained before Feb 2014 bidding exercises, Category A cars refer to cars with engine capacity up to 1600cc and Category B cars refer to cars with engine capacity above 1,600cc.  For cars registered with COEs obtained from Feb 2014 1st bidding exercise onwards but before the May 2022 1st bidding exercise, Category A cars refer to cars with engine capacity up to 1600cc and Maximum Power Output up to 97kW (130bhp) and Category B cars refer to cars with engine capacity above 1600cc or Maximum Power Output above 97kW (130bhp).  For cars registered with COEs obtained from the May 2022 1st bidding exercise onwards, Category A cars refer to cars, except fully electric cars, with engine capacity up to 1600cc and Maximum Power Output up to 97kW (130bhp); and fully electric cars with Maximum Power Output up to 110kW (147bhp) and Category B cars refer to cars, except fully electric cars, with engine capacity above 1600cc or Maximum Power Output above 97kW (130bhp); and fully electric cars with Maximum Power Output above 110kW (147bhp).",,,,,,,,,,
Total New Motor Vehicles Registered -> Category C: Goods Vehicles & Buses -> Category C: Goods Vehicles & Buses Not Under ETS (Number):,,,,,,,,,,
"Refers to the Early Turnover Scheme (ETS).  Between 24 Apr 2013 and 30 Apr 2016, vehicle owners can de-register their existing diesel-propelled Category C vehicles that were registered before 1 Jan 2001 and register a replacement vehicle within 1 month of de-registration by paying a discounted Prevailing Quota Premium (PQP) under the ETS.  From 1 Aug 2015, the ETS was extended to existing diesel-propelled Category C vehicles that were registered between 1 Jan 2001 and 30 Sep 2006 and will be de-registered between 1 Aug 2015 and 31 Jul 2017.",,,,,,,,,,
Total New Motor Vehicles Registered -> Category C: Goods Vehicles & Buses -> Category C: Goods Vehicles & Buses Under ETS (Number):,,,,,,,,,,
"ETS refers to the Early Turnover Scheme.  Between 24 Apr 2013 and 31 Jul 2017, vehicle owners can de-register their existing diesel-propelled Category C vehicles that were registered before 1 Jan 2001 and register a replacement vehicle within 1 month of de-registration by paying a discounted Prevailing Quota Premium (PQP) under the ETS.  From 1 Aug 2015, the ETS was extended to existing diesel-propelled Category C vehicles that were registered between 1 Jan 2001 and 30 Sep 2006 and will be de-registered between 1 Aug 2015 and 31 Mar 2021.  From 1 April 2021 to 31 March 2023, vehicle owners can de-register their existing Euro 2/3/4 Category C diesel vehicles and register an eligible replacement vehicle within 1 month of deregistration by paying a discounted Prevailing Quota Premium under the enhanced ETS.",,,,,,,,,,
Total New Motor Vehicles Registered -> Taxis (Number):,,,,,,,,,,
"Prior to Aug 2012, taxi operators can bid for a new Certificate of Entitlement (COE) or pay Prevailing Quota Premium (PQP) to register a taxi under Category A.  The latter is only in the case of a new taxi that replaces a deregistered one within 6 months.  From Aug 2012, all taxis pay for COEs based on the PQP of Category A.",,,,,,,,,,
Total New Motor Vehicles Registered -> Vehicles Exempted From VQS (Number):,,,,,,,,,,
"Includes vehicles which are exempted from the Vehicle Quota System (VQS), for example, scheduled and school buses, emergency vehicles, diplomatic vehicles, vehicles under the Disabled Person Scheme and vehicles for off-the-road use.",,,,,,,,,,
,,,,,,,,,,
Notation:,,,,,,,,,,
na   not available or not applicable,,,,,,,,,,
nec  not elsewhere classified,,,,,,,,,,
nes  not elsewhere specified,,,,,,,,,,
 -     nil or negligible or not significant,,,,,,,,,,
Notes,,,,,,,,,,
Numbers may not add up to the totals due to rounding.,,,,,,,,,,
"Data are the latest available at the time of access or download. Some statistics, particularly those for the most recent time periods, are provisional and may be subject to revision at a later date.",,,,,,,,,,
Values are shown in Singapore dollars (unless otherwise specified).,,,,,,,,,,
,,,,,,,,,,
Generated by: SingStat Table Builder,,,,,,,,,,
Date generated: 26/02/2026,,,,,,,,,,
Contact: info@singstat.gov.sg,,,,,,,,,,